segment_key,exhibit_id,exhibit_name,base_population,dim_1_name,dim_1_value,dim_1_sort,dim_2_name,dim_2_value,dim_2_sort,dim_3_name,dim_3_value,dim_3_sort,customers,churners,lost_monthly_charge,churn_rate,churn_rate_lower,churn_rate_upper,share_of_exhibit_customers,share_of_exhibit_churners,share_of_dim_1_customers,share_of_dim_1_churners
01|senior (65+)|4-12|,01,age x tenure,established customers,age_group,senior (65+),1,tenure_band,4-12,2,,,,166,93,7459.9999999999991,0.56024096385542166,0.48421751063491431,0.633539367642834,0.027703604806408544,0.073113207547169809,0.16801619433198381,0.26420454545454547
01|senior (65+)|13-24|,01,age x tenure,established customers,age_group,senior (65+),1,tenure_band,13-24,3,,,,168,83,6840.3500000000013,0.49404761904761907,0.41942847298648311,0.56893289211702469,0.028037383177570093,0.065251572327044025,0.17004048582995951,0.23579545454545456
01|senior (65+)|25-48|,01,age x tenure,established customers,age_group,senior (65+),1,tenure_band,25-48,4,,,,281,116,10303.049999999996,0.41281138790035588,0.35679949641655545,0.47117498386996737,0.0468958611481976,0.091194968553459113,0.28441295546558704,0.32954545454545453
01|senior (65+)|49+|,01,age x tenure,established customers,age_group,senior (65+),1,tenure_band,49+,5,,,,373,60,5519.7499999999991,0.16085790884718498,0.12705996709700682,0.20157016624590043,0.062249666221628835,0.04716981132075472,0.37753036437246962,0.17045454545454544
01|under 65|4-12|,01,age x tenure,established customers,age_group,under 65,2,tenure_band,4-12,2,,,,969,347,25065.550000000007,0.35810113519091846,0.32852873313426628,0.38879416928784882,0.16171562082777036,0.2727987421383648,0.19364508393285371,0.37717391304347825
01|under 65|13-24|,01,age x tenure,established customers,age_group,under 65,2,tenure_band,13-24,3,,,,856,211,16241.300000000008,0.24649532710280375,0.21879942121883222,0.27645636632523513,0.14285714285714285,0.16588050314465408,0.17106314948041568,0.22934782608695653
01|under 65|25-48|,01,age x tenure,established customers,age_group,under 65,2,tenure_band,25-48,4,,,,1313,209,17159.449999999997,0.15917745620715917,0.140387272825475,0.17995611857994551,0.21912550066755673,0.16430817610062892,0.26239008792965629,0.22717391304347825
01|under 65|49+|,01,age x tenure,established customers,age_group,under 65,2,tenure_band,49+,5,,,,1866,153,14112.699999999999,0.0819935691318328,0.0703873542567472,0.095317314130844585,0.311415220293725,0.12028301886792453,0.37290167865707435,0.16630434782608697
02|senior (65+)|fiber|,02,age x product mix,established customers,age_group,senior (65+),1,product_group,fiber,1,,,,705,286,26031.299999999988,0.4056737588652482,0.37003414889921465,0.44233574237393042,0.11765687583444592,0.22484276729559749,0.71356275303643724,0.8125
02|senior (65+)|cable or dsl|,02,age x product mix,established customers,age_group,senior (65+),1,product_group,cable or dsl,2,,,,235,64,4052.25,0.2723404255319149,0.2194269909681674,0.33257708528737534,0.039218958611481974,0.050314465408805034,0.23785425101214575,0.18181818181818182
02|senior (65+)|no internet|,02,age x product mix,established customers,age_group,senior (65+),1,product_group,no internet,3,,,,48,2,39.599999999999994,0.041666666666666664,0.011501893385757697,0.13975655980034926,0.00801068090787717,0.0015723270440251573,0.048582995951417005,0.005681818181818182
02|under 65|fiber|,02,age x product mix,established customers,age_group,under 65,2,product_group,fiber,1,,,,1908,629,57309.249999999956,0.32966457023060797,0.30893211230956413,0.35108153736809061,0.31842456608811748,0.49449685534591192,0.381294964028777,0.683695652173913
02|under 65|cable or dsl|,02,age x product mix,established customers,age_group,under 65,2,product_group,cable or dsl,2,,,,1870,250,14411.099999999997,0.13368983957219252,0.11901374767847796,0.14986783592256739,0.31208277703604809,0.19654088050314467,0.37370103916866509,0.27173913043478259
02|under 65|no internet|,02,age x product mix,established customers,age_group,under 65,2,product_group,no internet,3,,,,1226,41,858.64999999999975,0.033442088091353996,0.024746165772532847,0.04505263492766487,0.20460614152202938,0.032232704402515723,0.24500399680255797,0.044565217391304347
03|dsl|$58-75|,03,fiber vs dsl x price band,established fiber and dsl customers in the bands where both are sold,internet_type,dsl,2,price_band,$58-75,2,,,,472,45,2985.8000000000011,0.095338983050847453,0.072017040044275754,0.12519456716186686,0.1891025641025641,0.061224489795918366,0.61538461538461542,0.8035714285714286
03|dsl|$75-88|,03,fiber vs dsl x price band,established fiber and dsl customers in the bands where both are sold,internet_type,dsl,2,price_band,$75-88,3,,,,238,10,796.9,0.042016806722689079,0.022980241740422441,0.075602767936996843,0.0953525641025641,0.013605442176870748,0.31029986962190353,0.17857142857142858
03|dsl|$88-100|,03,fiber vs dsl x price band,established fiber and dsl customers in the bands where both are sold,internet_type,dsl,2,price_band,$88-100,4,,,,57,1,92.45,0.017543859649122806,0.0031036646170905392,0.092907492720423479,0.02283653846153846,0.0013605442176870747,0.074315514993481088,0.017857142857142856
03|fiber optic|$58-75|,03,fiber vs dsl x price band,established fiber and dsl customers in the bands where both are sold,internet_type,fiber optic,4,price_band,$58-75,2,,,,216,99,7178.6500000000005,0.45833333333333331,0.39319308422814575,0.524929729859805,0.086538461538461536,0.13469387755102041,0.12492770387507229,0.14580265095729014
03|fiber optic|$75-88|,03,fiber vs dsl x price band,established fiber and dsl customers in the bands where both are sold,internet_type,fiber optic,4,price_band,$75-88,3,,,,646,266,21762.4,0.41176470588235292,0.37444328210768885,0.45012931411254714,0.25881410256410259,0.3619047619047619,0.37362637362637363,0.39175257731958762
03|fiber optic|$88-100|,03,fiber vs dsl x price band,established fiber and dsl customers in the bands where both are sold,internet_type,fiber optic,4,price_band,$88-100,4,,,,867,314,29611.94999999999,0.36216839677047291,0.33084884957341043,0.39470395046550233,0.34735576923076922,0.42721088435374149,0.50144592249855413,0.46244477172312226
04|dsl|other|,04,fiber vs dsl x churn reason,"fiber and dsl churners, all tenures",internet_type,dsl,2,churn_category,other,,,,,45,45,2249.3000000000011,1,0.921348400123914,1,0.02916396629941672,0.02916396629941672,0.1465798045602606,0.1465798045602606
04|dsl|competitor|,04,fiber vs dsl x churn reason,"fiber and dsl churners, all tenures",internet_type,dsl,2,churn_category,competitor,,,,,125,125,6001.5999999999985,1,0.9701846058353375,1,0.081011017498379786,0.081011017498379786,0.40716612377850164,0.40716612377850164
04|dsl|dissatisfaction|,04,fiber vs dsl x churn reason,"fiber and dsl churners, all tenures",internet_type,dsl,2,churn_category,dissatisfaction,,,,,62,62,3050.7499999999995,1,0.94165592703190737,1,0.040181464679196373,0.040181464679196373,0.20195439739413681,0.20195439739413681
04|dsl|price|,04,fiber vs dsl x churn reason,"fiber and dsl churners, all tenures",internet_type,dsl,2,churn_category,price,,,,,34,34,1797.0500000000002,1,0.89848544440778066,0.99999999999999978,0.0220349967595593,0.0220349967595593,0.11074918566775244,0.11074918566775244
04|dsl|attitude|,04,fiber vs dsl x churn reason,"fiber and dsl churners, all tenures",internet_type,dsl,2,churn_category,attitude,,,,,41,41,1945.3499999999997,1,0.91433242857987562,1,0.026571613739468567,0.026571613739468567,0.13355048859934854,0.13355048859934854
04|fiber optic|dissatisfaction|,04,fiber vs dsl x churn reason,"fiber and dsl churners, all tenures",internet_type,fiber optic,4,churn_category,dissatisfaction,,,,,195,195,17186.2,1,0.980680795127392,1,0.12637718729747247,0.12637718729747247,0.15776699029126215,0.15776699029126215
04|fiber optic|attitude|,04,fiber vs dsl x churn reason,"fiber and dsl churners, all tenures",internet_type,fiber optic,4,churn_category,attitude,,,,,199,199,17521.900000000009,1,0.98106176665025835,1.0000000000000002,0.1289695398574206,0.1289695398574206,0.1610032362459547,0.1610032362459547
04|fiber optic|other|,04,fiber vs dsl x churn reason,"fiber and dsl churners, all tenures",internet_type,fiber optic,4,churn_category,other,,,,,129,129,11328.100000000004,1,0.9710823796001169,1,0.083603370058327936,0.083603370058327936,0.10436893203883495,0.10436893203883495
04|fiber optic|price|,04,fiber vs dsl x churn reason,"fiber and dsl churners, all tenures",internet_type,fiber optic,4,churn_category,price,,,,,126,126,11308.150000000001,1,0.97041423506487268,0.99999999999999978,0.081659105638366813,0.081659105638366813,0.10194174757281553,0.10194174757281553
04|fiber optic|competitor|,04,fiber vs dsl x churn reason,"fiber and dsl churners, all tenures",internet_type,fiber optic,4,churn_category,competitor,,,,,587,587,51472.099999999926,1,0.993498325441533,1,0.38042773817239145,0.38042773817239145,0.47491909385113268,0.47491909385113268
05|new (0-3 months)|month-to-month|fiber,05,era x contract x fiber (additive segmentation),all customers,era,new (0-3 months),1,contract,month-to-month,1,fiber,fiber,1,407,321,25475.899999999976,0.78869778869778873,0.7464315612972251,0.82556523922016944,0.057787874485304556,0.17174959871589085,0.3872502378686965,0.53768844221105527
05|new (0-3 months)|month-to-month|not fiber,05,era x contract x fiber (additive segmentation),all customers,era,new (0-3 months),1,contract,month-to-month,1,fiber,not fiber,2,596,274,10913.649999999998,0.45973154362416108,0.42010568646765378,0.49987316912942348,0.08462302995882437,0.14660246120920278,0.56707897240723126,0.45896147403685095
05|new (0-3 months)|one year|fiber,05,era x contract x fiber (additive segmentation),all customers,era,new (0-3 months),1,contract,one year,2,fiber,fiber,1,4,0,0,0,0,0.48989084039692132,0.00056793979838137159,0,0.0038058991436726928,0
05|new (0-3 months)|one year|not fiber,05,era x contract x fiber (additive segmentation),all customers,era,new (0-3 months),1,contract,one year,2,fiber,not fiber,2,22,2,39.150000000000006,0.090909090909090912,0.025295428762322658,0.278149470278251,0.0031236688910975439,0.0010700909577314071,0.02093244529019981,0.0033500837520938024
05|new (0-3 months)|two year|fiber,05,era x contract x fiber (additive segmentation),all customers,era,new (0-3 months),1,contract,two year,3,fiber,fiber,1,11,0,0,0,0,0.25883296999442634,0.0015618344455487719,0,0.010466222645099905,0
05|new (0-3 months)|two year|not fiber,05,era x contract x fiber (additive segmentation),all customers,era,new (0-3 months),1,contract,two year,3,fiber,not fiber,2,11,0,0,0,0,0.25883296999442634,0.0015618344455487719,0,0.010466222645099905,0
05|established (4+ months)|month-to-month|fiber,05,era x contract x fiber (additive segmentation),all customers,era,established (4+ months),2,contract,month-to-month,1,fiber,fiber,1,1475,786,70118.199999999983,0.53288135593220343,0.50736756834220853,0.55822431739879441,0.20942780065313077,0.420545746388443,0.2461615487316422,0.61792452830188682
05|established (4+ months)|month-to-month|not fiber,05,era x contract x fiber (additive segmentation),all customers,era,established (4+ months),2,contract,month-to-month,1,fiber,not fiber,2,1132,274,14339.349999999993,0.24204946996466431,0.2179972839939214,0.26784645288183173,0.16072696294192815,0.14660246120920278,0.18891855807743657,0.21540880503144655
05|established (4+ months)|one year|fiber,05,era x contract x fiber (additive segmentation),all customers,era,established (4+ months),2,contract,one year,2,fiber,fiber,1,583,98,9976.2499999999982,0.16809605488850771,0.13993537608777482,0.20060201413386447,0.0827772256140849,0.052434456928838954,0.097296395193591456,0.0770440251572327
05|established (4+ months)|one year|not fiber,05,era x contract x fiber (additive segmentation),all customers,era,established (4+ months),2,contract,one year,2,fiber,not fiber,2,941,66,4103.05,0.070138150903294366,0.055508557167143771,0.088263138713066611,0.13360783756921765,0.035313001605136438,0.15704272363150867,0.051886792452830191
05|established (4+ months)|two year|fiber,05,era x contract x fiber (additive segmentation),all customers,era,established (4+ months),2,contract,two year,3,fiber,fiber,1,555,31,3246.0999999999995,0.055855855855855854,0.039626085753540825,0.078191692141999031,0.078801647025415311,0.016586409844836811,0.092623497997329773,0.024371069182389939
05|established (4+ months)|two year|not fiber,05,era x contract x fiber (additive segmentation),all customers,era,established (4+ months),2,contract,two year,3,fiber,not fiber,2,1306,17,919.2,0.013016845329249618,0.0081428138359360327,0.020747292386244079,0.18543234417151783,0.00909577314071696,0.21795727636849133,0.013364779874213837
06|month-to-month|senior (65+)|,06,fiber customers: contract x age,established fiber customers,contract,month-to-month,1,age_group,senior (65+),1,,,,337,264,23733.949999999986,0.78338278931750738,0.73633983914766576,0.82403799935501187,0.12897053195560659,0.28852459016393445,0.22847457627118645,0.33587786259541985
06|month-to-month|under 65|,06,fiber customers: contract x age,established fiber customers,contract,month-to-month,1,age_group,under 65,2,,,,1138,522,46384.249999999993,0.45869947275922673,0.42993604219393688,0.48774079527867054,0.4355147340221967,0.57049180327868854,0.77152542372881361,0.66412213740458015
06|one year|senior (65+)|,06,fiber customers: contract x age,established fiber customers,contract,one year,2,age_group,senior (65+),1,,,,171,20,2084.8,0.11695906432748537,0.07700141658348085,0.17374837217835393,0.065442020665901268,0.02185792349726776,0.29331046312178388,0.20408163265306123
06|one year|under 65|,06,fiber customers: contract x age,established fiber customers,contract,one year,2,age_group,under 65,2,,,,412,78,7891.4499999999989,0.18932038834951456,0.15442747711371727,0.22995328980477212,0.15767317259854574,0.085245901639344257,0.70668953687821612,0.79591836734693877
06|two year|senior (65+)|,06,fiber customers: contract x age,established fiber customers,contract,two year,3,age_group,senior (65+),1,,,,197,2,212.55,0.01015228426395939,0.002788552049974061,0.036254476839447436,0.07539226942212017,0.002185792349726776,0.35495495495495494,0.064516129032258063
06|two year|under 65|,06,fiber customers: contract x age,established fiber customers,contract,two year,3,age_group,under 65,2,,,,358,29,3033.5499999999997,0.081005586592178769,0.056991345080795876,0.11391626476714974,0.13700727133562954,0.03169398907103825,0.645045045045045,0.93548387096774188
07|new (0-3 months)|no internet|,07,era x internet type,all customers,era,new (0-3 months),1,internet_type,no internet,1,,,,252,70,1403.35,0.27777777777777779,0.22612897882145369,0.33609990898376652,0.03578020729802641,0.037453183520599252,0.23977164605137963,0.11725293132328309
07|new (0-3 months)|dsl|,07,era x internet type,all customers,era,new (0-3 months),1,internet_type,dsl,2,,,,241,126,5517.7499999999991,0.52282157676348551,0.45989874222864235,0.58502828953411568,0.034218372852477634,0.06741573033707865,0.22930542340627974,0.21105527638190955
07|new (0-3 months)|cable|,07,era x internet type,all customers,era,new (0-3 months),1,internet_type,cable,3,,,,136,80,4031.7000000000003,0.58823529411764708,0.50420550338804493,0.66741742011400707,0.019309953144966634,0.042803638309256285,0.12940057088487156,0.13400335008375208
07|new (0-3 months)|fiber optic|,07,era x internet type,all customers,era,new (0-3 months),1,internet_type,fiber optic,4,,,,422,321,25475.899999999976,0.76066350710900477,0.71771876241937294,0.79890543048553952,0.059917648729234704,0.17174959871589085,0.40152235965746907,0.53768844221105527
07|established (4+ months)|no internet|,07,era x internet type,all customers,era,established (4+ months),2,internet_type,no internet,1,,,,1274,43,898.24999999999977,0.033751962323390894,0.025153331662710603,0.04515387136069806,0.18088882578446686,0.023006955591225255,0.21261682242990654,0.03380503144654088
07|established (4+ months)|dsl|,07,era x internet type,all customers,era,established (4+ months),2,internet_type,dsl,2,,,,1411,181,9526.2999999999956,0.12827781715095676,0.11183343253991014,0.14674073955889444,0.20034076387902883,0.096843231674692346,0.23548064085447262,0.14229559748427673
07|established (4+ months)|cable|,07,era x internet type,all customers,era,established (4+ months),2,internet_type,cable,3,,,,694,133,8937.0500000000011,0.19164265129682997,0.16408846772748314,0.22259170933433359,0.098537555019167972,0.07116104868913857,0.11582109479305741,0.10455974842767296
07|established (4+ months)|fiber optic|,07,era x internet type,all customers,era,established (4+ months),2,internet_type,fiber optic,4,,,,2613,915,83340.550000000017,0.35017221584385766,0.33211406925956327,0.36867024943021565,0.371006673292631,0.4895666131621188,0.43608144192256343,0.71933962264150941
08|all billing lost||,08,cost layers,all customers,cost_layer,all billing lost,1,,,,,,,7043,1869,139130.85,0.26536987079369589,0.25518811280523451,0.2758074375722141,0.78913165266106444,0.62802419354838712,1,1
08|month-to-month fiber||,08,cost layers,all customers,cost_layer,month-to-month fiber,2,,,,,,,1882,1107,95594.100000000108,0.58820403825717327,0.56581098110186789,0.610237752176563,0.21086834733893559,0.37197580645161288,1,1
